pk,jsondata,polymorphic_type,id,name,description,markup_description,url,email,address,updated,active,created,version
1,{},base,robertlrankin,Robert L. Rankin,,,,,,2015-07-07T14:16:14.989441+02:00,True,2015-07-07T14:16:14.989441+02:00,1
2,{},base,richardtcarter,Richard T. Carter,,,,,,2015-07-07T14:16:14.989441+02:00,True,2015-07-07T14:16:14.989441+02:00,1
3,{},base,awesleyjones,A. Wesley Jones,,,,,,2015-07-07T14:16:14.989441+02:00,True,2015-07-07T14:16:14.989441+02:00,1
4,{},base,johnekoontz,John E. Koontz,,,,,,2015-07-07T14:16:14.989441+02:00,True,2015-07-07T14:16:14.989441+02:00,1
5,{},base,davidsrood,David S. Rood,,,,,,2015-07-07T14:16:14.989441+02:00,True,2015-07-07T14:16:14.989441+02:00,1
6,{},base,irenhartmann,Iren Hartmann,,,,,,2015-07-07T14:16:14.989441+02:00,True,2015-07-07T14:16:14.989441+02:00,1
