pk,jsondata,polymorphic_type,id,name,description,markup_description,glottolog_id,google_book_search_id,bibtex_type,author,year,title,type,booktitle,editor,pages,edition,journal,school,address,url,note,number,series,volume,publisher,organization,chapter,howpublished,year_int,startpage_int,pages_int,updated,active,created,version
1,{},base,dec,RGG,Crow Dictionary1985,,,,,"Gordon, R.G.",,Crow Dictionary1985,,,,,,,,,,,,,,,,,,,,,2015-07-07T14:16:14.989441+02:00,True,2015-07-07T14:16:14.989441+02:00,1
2,{},base,j,J,,,,,,???,,,,,,,,,,,,,,,,,,,,,,,2015-07-07T14:16:14.989441+02:00,True,2015-07-07T14:16:14.989441+02:00,1
3,{},base,c,RTC,,,,,,"Carter, Richard T.",,,,,,,,,,,,,,,,,,,,,,,2015-07-07T14:16:14.989441+02:00,True,2015-07-07T14:16:14.989441+02:00,1
4,{},base,ds,D&S,A dictionary of the Biloxi and Ofo languages: Accompanied with thirty-one Biloxi texts and numerous Biloxi phrases,,,,,"Dorsey, James Owen and John Reed Swanton",1912,A dictionary of the Biloxi and Ofo languages: Accompanied with thirty-one Biloxi texts and numerous Biloxi phrases,,,,,,,,,,,,,,,,,,,,,2015-07-07T14:16:14.989441+02:00,True,2015-07-07T14:16:14.989441+02:00,1
5,{},base,ssf,JSS,(slip file),,,,,"Swanton, John R. ",,(slip file),,,,,,,,,,,,,,,,,,,,,2015-07-07T14:16:14.989441+02:00,True,2015-07-07T14:16:14.989441+02:00,1
6,{},base,jgt,JGT,,,,,,"Good Tracks, Jimm",1992,,,,,,,,,,,,,,,,,,,,,,2015-07-07T14:16:14.989441+02:00,True,2015-07-07T14:16:14.989441+02:00,1
7,{},base,jod,JOD,,,,,,"Dorsey, James Owen",,,,,,,,,,,,,,,,,,,,,,,2015-07-07T14:16:14.989441+02:00,True,2015-07-07T14:16:14.989441+02:00,1
8,{},base,ks,KS,,,,,,"Shea, Kathy",,,,,,,,,,,,,,,,,,,,,,,2015-07-07T14:16:14.989441+02:00,True,2015-07-07T14:16:14.989441+02:00,1
9,{},base,g,G,,,,,,???,,,,,,,,,,,,,,,,,,,,,,,2015-07-07T14:16:14.989441+02:00,True,2015-07-07T14:16:14.989441+02:00,1
10,{},base,h,H,,,,,,"Hale, Horatio",,,,,,,,,,,,,,,,,,,,,,,2015-07-07T14:16:14.989441+02:00,True,2015-07-07T14:16:14.989441+02:00,1
11,{},base,rr,RR,,,,,,"Rankin, Robert L.",,,,,,,,,,,,,,,,,,,,,,,2015-07-07T14:16:14.989441+02:00,True,2015-07-07T14:16:14.989441+02:00,1
12,{},base,lf,LF,,,,,,"La Flesche, Francis",,,,,,,,,,,,,,,,,,,,,,,2015-07-07T14:16:14.989441+02:00,True,2015-07-07T14:16:14.989441+02:00,1
13,{},base,sw,MAS,A vocabulary of the Omaha language,,,,,"Swetland, Mark J.",1977,A vocabulary of the Omaha language,,,,,,,,,,,,,,,,,,,,,2015-07-07T14:16:14.989441+02:00,True,2015-07-07T14:16:14.989441+02:00,1
14,{},base,boasandswanton,B&S, Siouan (Dakota).,,,,,"Boas, Franz and Swanton, J. ",1911, Siouan (Dakota).,,,,,,,,,,,,,,,,,,,,,2015-07-07T14:16:14.989441+02:00,True,2015-07-07T14:16:14.989441+02:00,1
15,{},base,rg,RG,,,,,,"Grazcyk, Randolph",,,,,,,,,,,,,,,,,,,,,,,2015-07-07T14:16:14.989441+02:00,True,2015-07-07T14:16:14.989441+02:00,1
16,{},base,marsh,GM,,,,,,"Marsh, Gordon",,,,,,,,,,,,,,,,,,,,,,,2015-07-07T14:16:14.989441+02:00,True,2015-07-07T14:16:14.989441+02:00,1
17,{},base,pas,PAS,,,,,,"Shaw, Patricia A.",,,,,,,,,,,,,,,,,,,,,,,2015-07-07T14:16:14.989441+02:00,True,2015-07-07T14:16:14.989441+02:00,1
18,{},base,km,KM,,,,,,"Miner, Kenneth",,,,,,,,,,,,,,,,,,,,,,,2015-07-07T14:16:14.989441+02:00,True,2015-07-07T14:16:14.989441+02:00,1
19,{},base,gg,GG,,,,,,"Gordon, R.G. and Randolph Graczyk ??",,,,,,,,,,,,,,,,,,,,,,,2015-07-07T14:16:14.989441+02:00,True,2015-07-07T14:16:14.989441+02:00,1
20,{},base,r,SRR,???,,,,,"Riggs, S. R.",,???,,,,,,,,,,,,,,,,,,,,,2015-07-07T14:16:14.989441+02:00,True,2015-07-07T14:16:14.989441+02:00,1
21,{},base,jgt92,JGT,,,,,,"Good Tracks, Jimm",1992,,,,,,,,,,,,,,,,,,,,,,2015-07-07T14:16:14.989441+02:00,True,2015-07-07T14:16:14.989441+02:00,1
22,{},base,jwe,JWE,,,,,,"White Eagle, Josephine",,,,,,,,,,,,,,,,,,,,,,,2015-07-07T14:16:14.989441+02:00,True,2015-07-07T14:16:14.989441+02:00,1
23,{},base,b,EB,A Dictionary of Teton Sioux: Lakota – English / English –  Lakhota (with consideration given to Yankton and Santee dialects),,,,,"Buechel, Fr. Eugene",1983,A Dictionary of Teton Sioux: Lakota – English / English –  Lakhota (with consideration given to Yankton and Santee dialects),,,,,,,,,,,,,,,,,,,,,2015-07-07T14:16:14.989441+02:00,True,2015-07-07T14:16:14.989441+02:00,1
24,{},base,mr,MR,(native speaker),,,,,"Rowe, Maud McCauley Clark ",,(native speaker),,,,,,,,,,,,,,,,,,,,,2015-07-07T14:16:14.989441+02:00,True,2015-07-07T14:16:14.989441+02:00,1
25,{},base,marino,MM,A dictionary od Winnebago: an analysis and reference grammar of the Radin lexical file,,,,,"Marino, Mary",1968,A dictionary od Winnebago: an analysis and reference grammar of the Radin lexical file,,,,,,,,,,,,,,,,,,,,,2015-07-07T14:16:14.989441+02:00,True,2015-07-07T14:16:14.989441+02:00,1
26,{},base,flf,F&LF,The Omaha Tribe,,,,,"Fletcher, Alice C. and Francis La Flesche",1911,The Omaha Tribe,,,,,,,,,,,,,,,,,,,,,2015-07-07T14:16:14.989441+02:00,True,2015-07-07T14:16:14.989441+02:00,1
27,{},base,lwr,LWR,,,,,,"Robinson, Lila Wistrand ",,,,,,,,,,,,,,,,,,,,,,,2015-07-07T14:16:14.989441+02:00,True,2015-07-07T14:16:14.989441+02:00,1
28,{},base,sp,FGS,???,,,,,"Speck, F. G.",,???,,,,,,,,,,,,,,,,,,,,,2015-07-07T14:16:14.989441+02:00,True,2015-07-07T14:16:14.989441+02:00,1
29,{},base,ss,SS,,,,,,???,,,,,,,,,,,,,,,,,,,,,,,2015-07-07T14:16:14.989441+02:00,True,2015-07-07T14:16:14.989441+02:00,1
30,{},base,jek,JEK,,,,,,"Koontz, John E.",,,,,,,,,,,,,,,,,,,,,,,2015-07-07T14:16:14.989441+02:00,True,2015-07-07T14:16:14.989441+02:00,1
31,{},base,ej,EJ,,,,,,"James, Eli",,,,,,,,,,,,,,,,,,,,,,,2015-07-07T14:16:14.989441+02:00,True,2015-07-07T14:16:14.989441+02:00,1
32,{},base,sapir,ES,A Tutelo vocabulary,,,,,"Sapir, E.",1913,A Tutelo vocabulary,,,,,,,,,,,,,,,,,,,,,2015-07-07T14:16:14.989441+02:00,True,2015-07-07T14:16:14.989441+02:00,1
33,{},base,n,N,(Tutelo informant),,,,,Nikonha ,,(Tutelo informant),,,,,,,,,,,,,,,,,,,,,2015-07-07T14:16:14.989441+02:00,True,2015-07-07T14:16:14.989441+02:00,1
34,{},base,mrh,MRH,,,,,,"Haas, Mary R.",,,,,,,,,,,,,,,,,,,,,,,2015-07-07T14:16:14.989441+02:00,True,2015-07-07T14:16:14.989441+02:00,1
35,{},base,ms,MS,,,,,,"Swadesh, Maurice",,,,,,,,,,,,,,,,,,,,,,,2015-07-07T14:16:14.989441+02:00,True,2015-07-07T14:16:14.989441+02:00,1
36,{},base,jdh,JDH,,,,,,???,,,,,,,,,,,,,,,,,,,,,,,2015-07-07T14:16:14.989441+02:00,True,2015-07-07T14:16:14.989441+02:00,1
37,{},base,mw,MW,,,,,,???,,,,,,,,,,,,,,,,,,,,,,,2015-07-07T14:16:14.989441+02:00,True,2015-07-07T14:16:14.989441+02:00,1
38,{},base,hw,HW,,,,,,???,,,,,,,,,,,,,,,,,,,,,,,2015-07-07T14:16:14.989441+02:00,True,2015-07-07T14:16:14.989441+02:00,1
39,{},base,swadesh,MS,,,,,,"Swadesh, Maurice",,,,,,,,,,,,,,,,,,,,,,,2015-07-07T14:16:14.989441+02:00,True,2015-07-07T14:16:14.989441+02:00,1
40,{},base,byrd,Byrd,(historical map?),,,,,Byrd,,(historical map?),,,,,,,,,,,,,,,,,,,,,2015-07-07T14:16:14.989441+02:00,True,2015-07-07T14:16:14.989441+02:00,1
41,{},base,lawson,JL,A new Voyage to Carolina,,,,,"Lawson, J.",1709,A new Voyage to Carolina,,,,,,,,,,,,,,,,,,,,,2015-07-07T14:16:14.989441+02:00,True,2015-07-07T14:16:14.989441+02:00,1
42,{},base,wm,WM,"Grammar and dictionary of the language of the Hidatsa (Minnetarees, Grosventres of the Missouri)",,,,,"Matthews, W.",1873-4,"Grammar and dictionary of the language of the Hidatsa (Minnetarees, Grosventres of the Missouri)",,,,,,,,,,,,,,,,,,,,,2015-07-07T14:16:14.989441+02:00,True,2015-07-07T14:16:14.989441+02:00,1
43,{},base,l,L,,,,,,"Lowie, Robert H.",,,,,,,,,,,,,,,,,,,,,,,2015-07-07T14:16:14.989441+02:00,True,2015-07-07T14:16:14.989441+02:00,1
44,{},base,frachtenberg,LJF,Coos Texts,,,,,"Frachtenberg, Leo Joachim",1913,Coos Texts,,,,,,,,,,,,,,,,,,,,,2015-07-07T14:16:14.989441+02:00,True,2015-07-07T14:16:14.989441+02:00,1
45,{},base,lk,WL,Winnebago grammar,,,,,"Lipkind, William",1945,Winnebago grammar,,,,,,,,,,,,,,,,,,,,,2015-07-07T14:16:14.989441+02:00,True,2015-07-07T14:16:14.989441+02:00,1
46,{},base,hale,HH,,,,,,"Hale, Horatio",,,,,,,,,,,,,,,,,,,,,,,2015-07-07T14:16:14.989441+02:00,True,2015-07-07T14:16:14.989441+02:00,1
47,{},base,handv,H&V,,,,,,"Harris, Zellig and Florence or Cherles",,,,,,,,,,,,,,,,,,,,,,,2015-07-07T14:16:14.989441+02:00,True,2015-07-07T14:16:14.989441+02:00,1
48,{},base,dor,DOR,,,,,,???,,,,,,,,,,,,,,,,,,,,,,,2015-07-07T14:16:14.989441+02:00,True,2015-07-07T14:16:14.989441+02:00,1
49,{},base,om,OM,,,,,,???,,,,,,,,,,,,,,,,,,,,,,,2015-07-07T14:16:14.989441+02:00,True,2015-07-07T14:16:14.989441+02:00,1
50,{},base,fs,FS,,,,,,???,,,,,,,,,,,,,,,,,,,,,,,2015-07-07T14:16:14.989441+02:00,True,2015-07-07T14:16:14.989441+02:00,1
51,{},base,gro,GRO,,,,,,???,,,,,,,,,,,,,,,,,,,,,,,2015-07-07T14:16:14.989441+02:00,True,2015-07-07T14:16:14.989441+02:00,1
52,{},base,bandd,B&D,Dakota Grammar,,,,,"Boas, Franz and Deloria, Ella",1941,Dakota Grammar,,,,,,,,,,,,,,,,,,,,,2015-07-07T14:16:14.989441+02:00,True,2015-07-07T14:16:14.989441+02:00,1
53,{},base,voorhis,PV,,,,,,"Voorhis, Paul",,,,,,,,,,,,,,,,,,,,,,,2015-07-07T14:16:14.989441+02:00,True,2015-07-07T14:16:14.989441+02:00,1
54,{},base,art,ART,,,,,,"Taylor, Allan R.",,,,,,,,,,,,,,,,,,,,,,,2015-07-07T14:16:14.989441+02:00,True,2015-07-07T14:16:14.989441+02:00,1
55,{},base,kennard,EK,Mandan grammar,,,,,"Kennard, Edward",1936,Mandan grammar,,,,,,,,,,,,,,,,,,,,,2015-07-07T14:16:14.989441+02:00,True,2015-07-07T14:16:14.989441+02:00,1
56,{},base,hewitt,JNBH,,,,,,"Hewitt, John Napoleon Brinton",,,,,,,,,,,,,,,,,,,,,,,2015-07-07T14:16:14.989441+02:00,True,2015-07-07T14:16:14.989441+02:00,1
57,{},base,fontaine,F,(Saponi word list),,,,,Fontaine,,(Saponi word list),,,,,,,,,,,,,,,,,,,,,2015-07-07T14:16:14.989441+02:00,True,2015-07-07T14:16:14.989441+02:00,1
58,{},base,say,SAY,,,,,,"Say, ???",,,,,,,,,,,,,,,,,,,,,,,2015-07-07T14:16:14.989441+02:00,True,2015-07-07T14:16:14.989441+02:00,1
59,{},base,w,W,,,,,,???,,,,,,,,,,,,,,,,,,,,,,,2015-07-07T14:16:14.989441+02:00,True,2015-07-07T14:16:14.989441+02:00,1
60,{},base,v,PV,,,,,,"Voorhis, Paul",,,,,,,,,,,,,,,,,,,,,,,2015-07-07T14:16:14.989441+02:00,True,2015-07-07T14:16:14.989441+02:00,1
61,{},base,haas,MRH,,,,,,"Haas, Mary R.",,,,,,,,,,,,,,,,,,,,,,,2015-07-07T14:16:14.989441+02:00,True,2015-07-07T14:16:14.989441+02:00,1
62,{},base,cfvoegelinpersonalnotes,CFV,(personal notes),,,,,"Voegelin, C. F.",,(personal notes),,,,,,,,,,,,,,,,,,,,,2015-07-07T14:16:14.989441+02:00,True,2015-07-07T14:16:14.989441+02:00,1
63,{},base,drummond,DR,(Stoney Texts),,,,,"Drummond, V.",,(Stoney Texts),,,,,,,,,,,,,,,,,,,,,2015-07-07T14:16:14.989441+02:00,True,2015-07-07T14:16:14.989441+02:00,1
64,{},base,delorianotes,ED,(notes),,,,,"Deloria, Ella",,(notes),,,,,,,,,,,,,,,,,,,,,2015-07-07T14:16:14.989441+02:00,True,2015-07-07T14:16:14.989441+02:00,1
65,{},base,awj,AWJ,,,,,,"Jones, A. Wesley ",,,,,,,,,,,,,,,,,,,,,,,2015-07-07T14:16:14.989441+02:00,True,2015-07-07T14:16:14.989441+02:00,1
66,{},base,kr,KR,,,,,,???,,,,,,,,,,,,,,,,,,,,,,,2015-07-07T14:16:14.989441+02:00,True,2015-07-07T14:16:14.989441+02:00,1
67,{},base,cs,CS,,,,,,???,,,,,,,,,,,,,,,,,,,,,,,2015-07-07T14:16:14.989441+02:00,True,2015-07-07T14:16:14.989441+02:00,1
68,{},base,lipkind,WL,Winnebago Grammar,,,,,"Lipkind, William",1945,Winnebago Grammar,,,,,,,,,,,,,,,,,,,,,2015-07-07T14:16:14.989441+02:00,True,2015-07-07T14:16:14.989441+02:00,1
69,{},base,eb,EB,A Dictionary of Teton Sioux: Lakota – English / English –  Lakhota (with consideration given to Yankton and Santee dialects),,,,,"Buechel, Fr. Eugene",1983,A Dictionary of Teton Sioux: Lakota – English / English –  Lakhota (with consideration given to Yankton and Santee dialects),,,,,,,,,,,,,,,,,,,,,2015-07-07T14:16:14.989441+02:00,True,2015-07-07T14:16:14.989441+02:00,1
70,{},base,d,D,???,,,,,"Deloria, Ella",,???,,,,,,,,,,,,,,,,,,,,,2015-07-07T14:16:14.989441+02:00,True,2015-07-07T14:16:14.989441+02:00,1
71,{},base,riggs,SRR,???,,,,,"Riggs, S. R.",,???,,,,,,,,,,,,,,,,,,,,,2015-07-07T14:16:14.989441+02:00,True,2015-07-07T14:16:14.989441+02:00,1
72,{},base,hwm,HWM,Ethnography and philology of the Hidatsa Indians,,,,,"Matthews, Washington",1877,Ethnography and philology of the Hidatsa Indians,,,,,,,,,,,,,,,,,,,,,2015-07-07T14:16:14.989441+02:00,True,2015-07-07T14:16:14.989441+02:00,1
73,{},base,asg,ASG,Grammatical sketch of the Catawba language,,,,,"Gatschet, Albert S.",1900,Grammatical sketch of the Catawba language,,,,,,,,,,,,,,,,,,,,,2015-07-07T14:16:14.989441+02:00,True,2015-07-07T14:16:14.989441+02:00,1
74,{},base,srr,SRR,,,,,,"Riggs, S. R.",,,,,,,,,,,,,,,,,,,,,,,2015-07-07T14:16:14.989441+02:00,True,2015-07-07T14:16:14.989441+02:00,1
75,{},base,dsf,DSF,,,,,,???,,,,,,,,,,,,,,,,,,,,,,,2015-07-07T14:16:14.989441+02:00,True,2015-07-07T14:16:14.989441+02:00,1
76,{},base,headley,RKH,The origin and distribution of the Siouan speaking tribes,,,,,"Headley, R. K., Jr.",1971,The origin and distribution of the Siouan speaking tribes,,,,,,,,,,,,,,,,,,,,,2015-07-07T14:16:14.989441+02:00,True,2015-07-07T14:16:14.989441+02:00,1
77,{},base,gilmore,MRG,Uses of plants by the Indians of the Missouri River region,,,,,"Gilmore, Melvin R.",1919,Uses of plants by the Indians of the Missouri River region,,,,,,,,,,,,,,,,,,,,,2015-07-07T14:16:14.989441+02:00,True,2015-07-07T14:16:14.989441+02:00,1
78,{},base,rtc,RTC,,,,,,"Carter, Richard T.",,,,,,,,,,,,,,,,,,,,,,,2015-07-07T14:16:14.989441+02:00,True,2015-07-07T14:16:14.989441+02:00,1
79,{},base,rh,RH,???,,,,,"Hollow, R. C.",,???,,,,,,,,,,,,,,,,,,,,,2015-07-07T14:16:14.989441+02:00,True,2015-07-07T14:16:14.989441+02:00,1
80,{},base,mjs,MJS,???,,,,,"Swetland, Mark J.",,???,,,,,,,,,,,,,,,,,,,,,2015-07-07T14:16:14.989441+02:00,True,2015-07-07T14:16:14.989441+02:00,1
81,{},base,gmsf,GMsf,(slip file),,,,,"Marsh, Gordon",,(slip file),,,,,,,,,,,,,,,,,,,,,2015-07-07T14:16:14.989441+02:00,True,2015-07-07T14:16:14.989441+02:00,1
82,{},base,hh,HH,,,,,,"Hale, Horatio",,,,,,,,,,,,,,,,,,,,,,,2015-07-07T14:16:14.989441+02:00,True,2015-07-07T14:16:14.989441+02:00,1
83,{},base,pje,PJE,,,,,,"Einaudi, Paula Ferris",,,,,,,,,,,,,,,,,,,,,,,2015-07-07T14:16:14.989441+02:00,True,2015-07-07T14:16:14.989441+02:00,1
84,{},base,sfs,SFS,,,,,,???,,,,,,,,,,,,,,,,,,,,,,,2015-07-07T14:16:14.989441+02:00,True,2015-07-07T14:16:14.989441+02:00,1
85,{},base,whitman,WW,???,,,,,"Whitman, W.",,???,,,,,,,,,,,,,,,,,,,,,2015-07-07T14:16:14.989441+02:00,True,2015-07-07T14:16:14.989441+02:00,1
86,{},base,landc,L&C,,,,,,Lewis & Clark,,,,,,,,,,,,,,,,,,,,,,,2015-07-07T14:16:14.989441+02:00,True,2015-07-07T14:16:14.989441+02:00,1
87,{},base,oliverio,GO,???,,,,,"Oliverio, G. R. M.",,???,,,,,,,,,,,,,,,,,,,,,2015-07-07T14:16:14.989441+02:00,True,2015-07-07T14:16:14.989441+02:00,1
88,{},base,einaudi,PFE, A Grammar of Biloxi,,,,,"Einaudi, Paula Ferris",1976, A Grammar of Biloxi,,,,,,,,,,,,,,,,,,,,,2015-07-07T14:16:14.989441+02:00,True,2015-07-07T14:16:14.989441+02:00,1
89,{},base,will,Will,,,,,,???,,,,,,,,,,,,,,,,,,,,,,,2015-07-07T14:16:14.989441+02:00,True,2015-07-07T14:16:14.989441+02:00,1
90,{},base,vegreville,RV,,,,,,"Vegreville, Rev.",,,,,,,,,,,,,,,,,,,,,,,2015-07-07T14:16:14.989441+02:00,True,2015-07-07T14:16:14.989441+02:00,1
91,{},base,gordon,RGG,,,,,,"Gordon, R.G.",,,,,,,,,,,,,,,,,,,,,,,2015-07-07T14:16:14.989441+02:00,True,2015-07-07T14:16:14.989441+02:00,1
92,{},base,pd,PD,???,,,,,"Parks, Douglas and Raymond J. Demallie",,???,,,,,,,,,,,,,,,,,,,,,2015-07-07T14:16:14.989441+02:00,True,2015-07-07T14:16:14.989441+02:00,1
93,{},base,lur,NOL,,,,,,"Lurie, Nancy?",,,,,,,,,,,,,,,,,,,,,,,2015-07-07T14:16:14.989441+02:00,True,2015-07-07T14:16:14.989441+02:00,1
94,{},base,rs,RS,,,,,,???,,,,,,,,,,,,,,,,,,,,,,,2015-07-07T14:16:14.989441+02:00,True,2015-07-07T14:16:14.989441+02:00,1
95,{},base,stabler,EST,(native speaker),,,,,"Stabler, Elizabeth",,(native speaker),,,,,,,,,,,,,,,,,,,,,2015-07-07T14:16:14.989441+02:00,True,2015-07-07T14:16:14.989441+02:00,1
96,{},base,jodcnaevi,JOD,???,,,,,"Dorsey, James Owen",,???,,,,,,,,,,,,,,,,,,,,,2015-07-07T14:16:14.989441+02:00,True,2015-07-07T14:16:14.989441+02:00,1
97,{},base,hv,HV,,,,,,???,,,,,,,,,,,,,,,,,,,,,,,2015-07-07T14:16:14.989441+02:00,True,2015-07-07T14:16:14.989441+02:00,1
98,{},base,ham,HAM,,,,,,"Hamilton, William",,,,,,,,,,,,,,,,,,,,,,,2015-07-07T14:16:14.989441+02:00,True,2015-07-07T14:16:14.989441+02:00,1
99,{},base,dsr,DSR,,,,,,"Rood, David S.",,,,,,,,,,,,,,,,,,,,,,,2015-07-07T14:16:14.989441+02:00,True,2015-07-07T14:16:14.989441+02:00,1
100,{},base,pv,PV,,,,,,"Voorhis, Paul",,,,,,,,,,,,,,,,,,,,,,,2015-07-07T14:16:14.989441+02:00,True,2015-07-07T14:16:14.989441+02:00,1
101,{},base,dorseyvocabulary,JODv,(vocabulary),,,,,"Dorsey, James Owen",,(vocabulary),,,,,,,,,,,,,,,,,,,,,2015-07-07T14:16:14.989441+02:00,True,2015-07-07T14:16:14.989441+02:00,1
102,{},base,rc,RTC,,,,,,"Carter, Richard T.",,,,,,,,,,,,,,,,,,,,,,,2015-07-07T14:16:14.989441+02:00,True,2015-07-07T14:16:14.989441+02:00,1
103,{},base,lr,LWR,,,,,,"Robinson, Lila Wistrand ",,,,,,,,,,,,,,,,,,,,,,,2015-07-07T14:16:14.989441+02:00,True,2015-07-07T14:16:14.989441+02:00,1
104,{},base,spandschaeffer,Sp&S,Catawba kinship and social organization with a resume of Tutelo kinship terms,,,,,"Speck, F. G. and C. E. Schaeffer",1942,Catawba kinship and social organization with a resume of Tutelo kinship terms,,,,,,,,,,,,,,,,,,,,,2015-07-07T14:16:14.989441+02:00,True,2015-07-07T14:16:14.989441+02:00,1
105,{},base,jodslipfile,JOD,slip file,,,,,"Dorsey, James Owen",,slip file,,,,,,,,,,,,,,,,,,,,,2015-07-07T14:16:14.989441+02:00,True,2015-07-07T14:16:14.989441+02:00,1
106,{},base,rudes,BAR,,,,,,"Rudes, B. A.",,,,,,,,,,,,,,,,,,,,,,,2015-07-07T14:16:14.989441+02:00,True,2015-07-07T14:16:14.989441+02:00,1
107,{},base,susman,AS,The accentual system of Winnebago,,,,,"Susman, Amelia",1943,The accentual system of Winnebago,,,,,,,,,,,,,,,,,,,,,2015-07-07T14:16:14.989441+02:00,True,2015-07-07T14:16:14.989441+02:00,1
108,{},base,mithun,MMI,,,,,,"Mithun, Marianne",,,,,,,,,,,,,,,,,,,,,,,2015-07-07T14:16:14.989441+02:00,True,2015-07-07T14:16:14.989441+02:00,1
109,{},base,cq,CQ,,,,,,"Quintero, Carolyn",,,,,,,,,,,,,,,,,,,,,,,2015-07-07T14:16:14.989441+02:00,True,2015-07-07T14:16:14.989441+02:00,1
110,{},base,bt,BT,,,,,,???,,,,,,,,,,,,,,,,,,,,,,,2015-07-07T14:16:14.989441+02:00,True,2015-07-07T14:16:14.989441+02:00,1
111,{},base,hahn,FH,,,,,,"Hahn, Frida",,,,,,,,,,,,,,,,,,,,,,,2015-07-07T14:16:14.989441+02:00,True,2015-07-07T14:16:14.989441+02:00,1
112,{},base,laurie,Laurie,???,,,,,"Laurie, ?",,???,,,,,,,,,,,,,,,,,,,,,2015-07-07T14:16:14.989441+02:00,True,2015-07-07T14:16:14.989441+02:00,1
113,{},base,huronsmith,HS,,,,,,"Smith, Huron",,,,,,,,,,,,,,,,,,,,,,,2015-07-07T14:16:14.989441+02:00,True,2015-07-07T14:16:14.989441+02:00,1
114,{},base,tb,TB,(texts),,,,,"Buechel, Fr. Eugene",,(texts),,,,,,,,,,,,,,,,,,,,,2015-07-07T14:16:14.989441+02:00,True,2015-07-07T14:16:14.989441+02:00,1
115,{},base,bristow,BR,(a collaborator of Carolyn Quintero (deceased)),,,,,"Bristow, ???",,(a collaborator of Carolyn Quintero (deceased)),,,,,,,,,,,,,,,,,,,,,2015-07-07T14:16:14.989441+02:00,True,2015-07-07T14:16:14.989441+02:00,1
116,{},base,glwilson,GLW,,,,,,"Wilson, G. L.",,,,,,,,,,,,,,,,,,,,,,,2015-07-07T14:16:14.989441+02:00,True,2015-07-07T14:16:14.989441+02:00,1
117,{},base,mooney,JM,"The ghost-dance religion, and the Sioux outbreak of 1890",,,,,"Mooney, J.",1891,"The ghost-dance religion, and the Sioux outbreak of 1890",,,,,,,,,,,,,,,,,,,,,2015-07-07T14:16:14.989441+02:00,True,2015-07-07T14:16:14.989441+02:00,1
118,{},base,keith,SK,(native speaker),,,,,"Keith, Sydney ",,(native speaker),,,,,,,,,,,,,,,,,,,,,2015-07-07T14:16:14.989441+02:00,True,2015-07-07T14:16:14.989441+02:00,1
119,{},base,vc,VC,(native speaker),,,,,"Catches, Violet",,(native speaker),,,,,,,,,,,,,,,,,,,,,2015-07-07T14:16:14.989441+02:00,True,2015-07-07T14:16:14.989441+02:00,1
120,{},base,gallatin,Gallatin,,,,,,Gallatin,,,,,,,,,,,,,,,,,,,,,,,2015-07-07T14:16:14.989441+02:00,True,2015-07-07T14:16:14.989441+02:00,1
121,{},base,wdr,WDR,,,,,,"de Reuse, Willem",,,,,,,,,,,,,,,,,,,,,,,2015-07-07T14:16:14.989441+02:00,True,2015-07-07T14:16:14.989441+02:00,1
122,{},base,mrg,MRG,,,,,,"Gilmore, Melvin R.",,,,,,,,,,,,,,,,,,,,,,,2015-07-07T14:16:14.989441+02:00,True,2015-07-07T14:16:14.989441+02:00,1
123,{},base,pg,PG,,,,,,???,,,,,,,,,,,,,,,,,,,,,,,2015-07-07T14:16:14.989441+02:00,True,2015-07-07T14:16:14.989441+02:00,1
124,{},base,williamson,JPW,An English-Dakota dictionary,,,,,"Williamson, J. P.",1902,An English-Dakota dictionary,,,,,,,,,,,,,,,,,,,,,2015-07-07T14:16:14.989441+02:00,True,2015-07-07T14:16:14.989441+02:00,1
125,{},base,marten,AEM,The morphophonemics of the Winnebago verbal,,,,,"Marten, A. E.",1964,The morphophonemics of the Winnebago verbal,,,,,,,,,,,,,,,,,,,,,2015-07-07T14:16:14.989441+02:00,True,2015-07-07T14:16:14.989441+02:00,1
